;djKaARo.T7(d=&\WN4O7eo^smC+D@^QO=th[RTEf!>Gr70EpOT&C-gJr=HD^d+jqhZAKddWsC)gAq)M
;djKaARo.TU8H_)!*X$em.WCEi)<]K?udKiBOZQX^%aQuZIlNrE58[)kB1K<$>f[e+bIGAc]@s,O4[P[T4`S81jIWggj#*X<k8U&eH1cDidR))qee,g!H!":ggd+<45k@Ke$sUbH847d
;djKaARo.T&&6JG9GJd;*0;LLPA!WtnKEsZE[YZ4QUrF+s3DG/"QAck0_^+0GEg.;+VlV;H*2$h8[qGhm@-K-VbG%J(,"f8q,*>h>($m3E"4hW`*^H6gkpZ"_[V/&ej>nc2-;4.mn963
;djKaARo.TMoPPs/Z_:$'!s]EfMLrY%W2W*A%rTale?[":1KH<2;qUka#OW^DF5&uTk/AbQG9^aX[i/NI^f`M"2`g[kG,*K+dsN#eFJjI'`Em1F],Z"8<Ijm:8'\4'&na@k>3[.El6ikW18m2Oa]&crW(nH9W1:1
;djKaARo.T[YRA+VR]11i7T-"Kp[*Yfc=7Yk1uAC//T>;V&VR>+A(/*$!*a<><Ygs;o(E?X,/TkaQ,Un^I5X\LM9B-+A=?DD_Ji9*S:iihl\-OZk#Z'1J$]#<84?cef5p4Y,b(-F""ef
;djKaARo.TDIe-nO:<A4jI7nnN?L-X^4^b3\AKKC`Y-pf(R*o%9Pqi-QdbOp3SYRnO,3PA[4\?Xl3-\M:ur/gf<<`C#+RN47si#h'`%Q]g?Bmj((JG_]H4[iaTfpVOl/2,\jg`MV[?O6
;djKaARo.Tg+PfYQG5+#pk+A9&ka[*Q67TeP4"k0JdCITn?\-4PPQ4bM\qpFs*8N])5;@_T?13X*bS4rEVOl$S0-Ci=B4Qpln<t__!#7R]q`h8V?8NHj<5&-V*3kdeIUq/"TBr3L<huD7>Hnn[akm,WD()umn+Dc
;djKaARo.TgPFC)]inT0(s-c,8`>)`QL5[<\Mi#m@FW[O%rBO;O!MM)Yrbhl"ct%Xkt/<Bge!q5p<.u/PIUSfHYoT*&NVU@!uFdU:a;7SO\mc$ARdI1qp@9TFeS8/W_I0-0#Q"ZrS[fp
;djKaARo.TrU]7r<)Heb7ZpT'E3M\>d"MG:]3;GNood@B"fh1VraY8h$(^LSPi"qHg--UH<gYW[6iKo#C$Ntp7t!9*+D]0]+Hq12#<e0+.J+VK)Xph,F#T'U
;djKaARo.TqsLqEB!m`6$ul1J6m4k9O8S57[I[ScG`sYdPf._u&n6,\;I/;?DI$o(##rk3g73TV,*+pq1M%3%ibm+hJSsHNP0<P/QTr&Q9"//eq!D5\:9o.`11l]#"CS.c8C4p>ghd=mH`jr1Ch[TB7,Ej@!-FBij%GYq>^1FFnij!6c=Jge=_/t'5:IRS>k[XIW1R,t
;djKaARo.TZ]rO[!3P2D.`9P]iEdZpeni0T?abm^?lsOqTErrLB&WaJ,>#/OLkQNgI"%BtW1&u!\*2_Ms"PDE@G^*K>D+8[Jd'8=qdCG=:*FTmR8PVn5h88t9EiBU.2DA,dmu[QX1Hhj
;djKaARo.TVGLZWLQIN+Cq`L@VsP3hF(C'A9YhjS3VAZFg7CW*A!Z4f21>_aF^<V5As@ehi^W<n'82E204&#YYSDY8+ll:i67!Tl
;djKaARo.T)+/Q@#C`]a'(5@ZX%\WnA7'a'8SLR>8_E83CqM`^Y7S*[[D#rXLpB':?):;Lc#gb9`^IkcO6;#foB!bR\pII/q?ukfARV;r*<_`Q'6#^+7r#o&jc>[QG&5u5=4*A$%3Di*GJs6I.LIH>0A^^6P<LddNFN\lXlDdTUIS7aDZ?-/
;djKaARo.TU^<T?KUZ'aHjV*i=r9cCSRqdBSRgg]$QE/&cF3X04e"at7N?>eKiX%6U3)8uME>e2&/j"B>O]Vgg3IsHkc8"/*!*-<[UF!V7"p.).+*f-TiZ;Yl@f5VMb2V/r$GDWfRH[m
;djKaARo.T$+55S:pM0:'QJRtYe&P<S2/Gn80imfEbcMaVAp$AaQpu1'Vd%Rb,RI10JC*'l^ZV%RhII0;\mE0O234D%GfuiU0+rH
;djKaARo.TqOUo";@)t/2S.ZMO1"&?[R'6ZM>_iPKoM/kjBPn2Q(OXt,2l)u=&<XgCr4bW1=05@HWqg46IOdsD8Tt1"p[#5*Om0E
;djKaARo.TnFJ*8T<o=olm/h)Ljr#9lKOmFa(@lB_i*c`jhl7m@"n`0-9:Crs6BB+>-lPe>7p'qF;/Jp(6\4<\3>[nC8T-Z&oI>A-Dbr^fT&gIl[:;lo0:+A
;djKaARo.TPNuLmS]5cl'P_=R?&"%]&9La4DkG"XfA%TPI'M`dp'*!R7?-n$Zq'58'1AhHQ`kP<H6oW-EkD0AXl'9^3:%4qq,$s%p5rG4[9Qs2%-'YZk*!W+
;djKaARo.TXZN"^7)Ki:iVsGZ*L9t;(^AfOP(SUGEibBE-MYU<Z"K<4QB%(3P49Z`CY&qPjPDCsR<K2U&,k\dde%q9\5E]D@:;9HZZH,<W!U`p9Jh(FC/i1]
;djKaARo.T4A#B8KcmBJ3M!45LMpi9>MV-a*>$qPfQd0b0D6Im#S-r!HCa7jY^Vu%hF7[=UjMb5MC'3N>H6oF$_qhhc%#3-TKaFC1XMmdL/EM(@@VuVrtn#mob8=SGJMHFrpGR->-8G,
;djKaARo.TaKm89`'j0RCrDRDNG5]GUF7HsLqA]nr0"tk@4167#R6II):eD9h7(J?2<X6_U<DKKH/Y;<8s9B^QAR,pesuB.jU0p_IB,3`Cg--+n,@.h"g0RY"s'LBV1+pb7fCM.a/gA6
;djKaARo.TSp-m.G!0t6CDdWbM?_+PZ%CW>pq6_5^O@-??G#j:f-q;h%Q<`r@iI!P^O.25`9NX'6SUHuq4X9tHIk)dCO92Me=(h-Er$RBs3jrfL*>@5l`8:9/?6Ji0O5s:8.C6tj4>Dk
;djKaARo.TU@HV;*O#TWY`SD'TQkD9kYg!U4]_gEoF?]<:r]fH3d7"HeM?=.;QuFd^#PSaaO-NNa0kI<M8ZYTjhABRf_o.G?o"cPKr+n=J\O97@1mOb&EcTn
;djKaARo.TAdd&2V0rL*K(6Y\o<a/<>]:=I.b^fc:L2,5R-3-kAOW$$#22s02!#1"L8\BsGfS9b'_;7V3tII)*k5.p'#9[n$,YJh
;djKaARo.TmYhH:a3S&+)A&#k;a9L&Yj6KKd;,+PDA2_K]*).[P,Qrs=X'+o-6*A2:VjN^,80I\(XSmc9a2X&N?X$E\W[+.1&VBplrl<He`i8WT=?K1G*=]_
;djKaARo.Tlc1-%?O(-Y09jAf^!Js3>](K'%d+?4^iHFFS^FV=KTpZ2cBf?Iioa$u]'TX>qm6hEr&rN-HBpVI(Co;k"7K;S!he,khJ?n#"8$gj?HX0Um`.FI
;djKaARo.T_sY)\%*2UT\H\3:;qPO["BVaMrmgZ+I^RlSB=e85:o/\>kcF`ViLfct&/a]Er1M/`GU!dlhs;0-9u>/CcN?\f?9$^7UiE2/>WgY;&8N"q6*mZ4g4ALIk5=0"J7pZ%$>%rt\=@e:_e7K9M'[=+8G%jOGM=GqKH_J*jHj-gLR,EtfpA#2c>Ot%T_iD/3pM3B>@fehi"H[epobM3aG-ch4=/iHSbo\oVN@\!(n307CmL.'))=sq7p_%3UFGNH+2I$Y+VMMb(/;jn@i&#&$QmM'Bb8$"iksQS%L/#_c#&tV:43TOFis,%7.:f[pI$2GdqpFCLcs6![:WYQ/J#q>$jgqX?03W`7fhuc5aR'WlS/,j57h*(]6hKQ!2\YcNUMKXH(-YR.&eoD`o\MlUEd.]@KK8U&bm5f4l[^SI$dNC?-"5t+AVe70Q5S0aeXEGZO]Zs@EiA#jJR;UW5:FlKnf0L+=-u%QcC],MB(;g4IH/TH<6<4m%>9i3'\-5d+XK-8K"@h@GVVt]H%uhbfML),Z1Y9o(OROZY%QWm^fkYP?VKF`L1c-Z$bsR$*?[%A94`EmE9('Ff6?e_LMu6mgtl@HdIbiS\D#Q%c?C^O]H4Zmih0.O0[DZMF)"ke`%NsnkE?8`Ks9.@NTfX0LPWT\UjnK*(F$1W<\86+"Bn-0:\U3Kn,LLQiM44;lg',crG^[3K#`Zs%/24QstZd4GN%7CpQ$p.bn3_mrp8g5>rJC)UN>=XRRjaIS;cSBX"%;XI@A^CJ3ro^cak$+8EJV5t-2SBR13sM'hR1s$^MBj/#8k=NETtq$fEVc%9nfI-8G4mMnGC8t&kr42Q>=ZM-QO1.g2<_bU)W&O@q38,[PiV=Kj/LB`J)j8<kjLLkV/YJ-G$Tbjq:?<Mcf0F(0,Y7"Np2`Kfq2q(nmcB=`01HX&<_s!u>
;djKaARo.TLbse'_0B+@iRj2EQ"(e@De_R7^M(6i9UhaCb1KcC*Q/NiTITi7+SZO*<Xq/cA\FJEGG!3kqpNIs;ZBS]0_(B&$976T.(Mj?*5,Y&QF6T;N=m1>,A,rkHJF`gCNTHC_:d&!
;djKaARo.TX72jQEA`:fg/5Z2UAolf@r^>L(F?oZ>R0DfX/0R^oT>2uG#3aUQX6=eaZ/>3TVqt,Oo1(n&/._5MXeIef6fBVL,`3<!7[hA0$E)-)BbWD$NCUt
;djKaARo.Tc#"?C&lp5gGIrL$c'`f%_=I$e*W*"&.PGs<o?!X-/0cfN)L;<X[l.b,CGpq4bsfIA#]bE*(:)t`2/W3K,:a!/S7u]&eULX^EY_bUb>FkU52r++aFgkU\r2ccOj/Z7\Trb2
;djKaARo.TaG#(]M!qU.U2PT/p,l)/<b*tYJR?SNW>U'PlT$h!*+WU!'!XC,gd0Hb+t_cqlYo)::$5Dt7ip4Nd$>goq6.F)k@JXhrk:I4L+!S')Fi48(L'\E`4k'7>q^fa=IfNm9Zu[F
;djKaARo.T1IhuY+fnUA$7F8k7F$hB_%NYHpE"(e*N!B2I;6[g"s-P`><="k<)X!JG.)>D8Vt>6SKuSjJ)VGK*X`#>SFesbbt8pk@Z1&oP/T)WQC4$)N&4qeB,W6HME@C;RFNm<kJ9"M
;djKaARo.Tj@tmcdV8X8%'M?qF#50-T0P*u7F!:70-\Rp5>35%WDpIr:]/@oV%'mSpXWiKlBf^-W?S/dbn8Y6jP_`Id\XD'M:JgH/6<0J+(CG`f9nucJk>I-0g$q#>/r<?0DfQ_3&.Y5
;djKaARo.TJ:#Z06/+fLMn%2gfdL)udJ<W@]$qJFAUVd3RqUL5d&]l'IjnteQ;`6pEHFUZlA\?ojX1<gL6[sq>,E%S-[-;(A*?4$<$U;nEVXJGHLm;Ar5fdr*sSYpo_Sk4>8'ht4+K8j
;djKaARo.T?*kfP5+*[!F"R\tC!dXeN3QiX:^9reEcr?.=HU>%K5rOSeA&<V6_PBe_JJ=(QX``KqfaD^bCGDsFJjSCN?[8VbGE>>P<X5JCK76M&=`HaiBeuG"(\$$OPQe`M-519@+LMn
;djKaARo.T-kJoYkVIT8UF;BiU*UICqp0Yn(B`;YiBW1F#@;J9pfT7<.]@T3FsoK!4j-ZUr5`B+]W"H[
;djKaARo.Tj:8:o./df(dVFnn)/c%9+\Nn%op=%h\0=rVjD!:Zk1;u##U`;!NhNCVCnDrup`FB\/-eHCpp9+eV?HheV_uDC!kghb
;djKaARo.TMcGCe\?e-GoOPA@5\9"P0,!G.:MjF^5g(Cr%Ui9:/kFl@+b-I+@T/+fHc_+m*`Dj5W_ASU`Ab]!K3l>jF`%)3J:!H;
;djKaARo.T,r:!g;k-#pf,OmV&?Rs%0%M@h6jsN-=4R"4[+J[J5r)O.'$T^smo;A1I2.3__Qg,Ag'qU(T0UKZc#OUUj_@A-g+Nj@
;djKaARo.TB9+Q.4r/_r]^8i+HQo?I5,=Q4]Mi4h!$OUH$[RbI3k)[HO44UHigF!TNhm5"`^aW14G3l@
;djKaARo.TmHCi;D^^j7#[,!@_\PESJc7P-LT(eO1M3eDcuHMM2GXlS?9aqkaW!.s32KX>p56/0`D7<a-Gb>)DK6d#(8FGXhYI8p
;djKaARo.TTXAUke"P.USR2DY"b][+$&u(AU@d(I*D4)p.1iV5(.06@qd?4p^UMbr/pYT\.$t#BWj/6fZM%joqM=J665-X`?"u-+VFCKRbnqaD32^K]$W-9FA7JV+9Ql9UFs$Sjf(($3
;djKaARo.T))sAZc'>a];f-.4p7/a0\*)OYi8#:MP=TRpQuaqs%2d2'TMa;0nnpr*c*Em"MsPM\b0'a&3,SbN.h`@2@X\K[a!*7)f7Ae5bTY4QquL1V"4pR+@]F+3UTq^;j&p[TN*/PI
;djKaARo.TJJ%Oo2[5"?F8S&]gug.)4sB9:>Uq?cX78NFW+.D;PUcg6ZEN?BJ$_rlOfc2_5FXAB+8+?&p`M!%LhBU`Bi7el[\Gb<
;djKaARo.Tb#euX.he<D*"70;&Mr>-.l.:7g/ikcYVes?aXoBiEOn$#_GAf8r>+.pfC8&dg;bO.l2-fen1Pe=7:A=JCO&cF=964Z$1*U^7a`]:G3d04CG,r5
;djKaARo.TKh0:BOuLbB@`Cgqk`%_I0.0KN:m9O1RLT_u=a02%]cJoF2HYBlj4=Mpo`jH1Jo17H-@gDB90TmHN9r@WIc>7-(F#cV]ijmn;bH/f^W]Q?.&t*1R#4JpnNM$u>9_X;$.Vlr
;djKaARo.T;/O'[,%O_+fr)mDFe!ap:HK*4^(3oDFTT^^3\/\`!TX!g2*t<gI_P],amHlZpc'/)?am6#<g<E5`^RO8:dPE.BMG1i<od82@T(O\d#$2u3'bA[mhB,(!bhoh]-f'U[X9Pd.c@u"QbL426s`[,FE(sk>,CX24eFm4S_!3b,`O(Y
;djKaARo.Tdb7QJBF[t9@l9NN,m1&4Wi5>4hI50u/4XMfK0Bn2FejpogTI_K'GN^_"aB7O*cJpWc1,VL!=)*F%;V$L^1i<`FdlRH(c<=aJl:6`H.OC/MY[)\S6f.aOS3gQ_Tb`5@-LAj`fP[15FeU#pr)V%0!ap^)97W,[LthA?PoOR8aCtL&eY^Jp`d$[f58Z9#53IXFXqBpXgsS:E0doP7Vk&1
;djKaARo.TYn2]]V7.[R7Gr@K6`l`DnTCQWaHPjC&e*6/R\AC&6R%aW12>i?ZgR.n(J\?"lH0G3_ceL#)9h6!ma4pPI_qZ-X"N-V?DAlY.[VC:n#XT^1u1C2
;djKaARo.TK;X,;BQQFW:`"4]?L!_&ohR#5OZLqU[(E%*H?H*b9S?sOQ.Wci-&0m<1H2kMR1j_W=FZ:?7J%nG!Zlla,Zhm.lFF)T*J]NL8k`qj-'B55ZWLeDMj2%Y%9[.$QetCk5_1rjDF`F9<$KQGX_prNYWK7W
;djKaARo.TCOi[mj"Nn(\i0P9LKO21k),oBip`A(Tlp+Us'ie(4%H=?o5tcHJ's(OD;EBf=NG=R[eO\M"C"25lAZfIDo51s4E)3llHJLZT"*;lBUu=%"s-*N
;djKaARo.T%rH)4Yss$19(1;n6?7_D@ap&F_9]pG[hh::MrOnIe"Mn]f2PuqIu`)E6g!Z[RYE21pI3cOfZdFul)b*\fG'l+lZDen
;djKaARo.T(`Mn:c]H3$Ge[g*-0%r<2Hb$r;,\k>?eV+UNR@4%R(0-ikTjUcP\qZ0qtBU,m2)I2\8`.bKnmY*^PLf$*Xqn":L74/N(CUFbuiQ$:W\M)Tst%@EaR?ToYA`'=-PUf@0pr/
;djKaARo.Ta.tJ_4[L8j(k6<jAI'D#*8I=e38<0*HU^F>)u3UucH[$H02^X!REk9pFkEa5*5b!A'TWG<\ic%aj/!1!FFYg:3ia+LfSc<^i$G43:"4dV-5P`p
;djKaARo.T=LW<SZU\H_e\@X%DSY4^<b(F+:hn<N%MTpsRYKj0RV7hE(?NQIjM"K>klTA'MW:c96T=3*Cm#P,Pm%$o`rsrHn._K)fDtG!PH-2A#WguJnH*_[
;djKaARo.T.GJ>gl.T8Smle:lW<W?e?d,&Ri]B2obJjFH9\8HFF)[en:_R_/a?.o[q(a3``aU2@PbW-\,\n+P6NnjV[M3i6P,%mHW1'<J(t--kZXBh#Za_QXa5l!Fs-_B@cL\8]nS[DC
;djKaARo.T$FrK6<++89q+V"AI5*tH^HU:rTp'qfK>t4se%BZp9'dhgTV7DA%F^'r6t:<\SaCdfA<G'sp8e$s/esB^/6&)oEVje.1,)XAn%'XFBfG1jTL,gU
;djKaARo.TV*\[1BE?OYi%06M%;AKV[%*'Hb36d?p]eC"+KojJP:n*ZX==-09&J$9ep4MV:#1)ll(dKs':Zmf_Vr9CAH=.f5oK-i6%D[9D*PU:fEN_F>nFgg)#Rn+23'nc=I:,\C9W.M
;djKaARo.TW7)nZD":#i<!jk9Z1H1KQ@tjCc9GH)di8g:c1kTZ:YG%[F;^`4_,LpffYVXt1\)s9NB9fP@&&%DV)Vk:NJSsO+GlsCFZ3(&\NQ",<Z"u5IKkR'EF,W5#F4`tq1SCiCa@&b
;djKaARo.T/7XNfliY4I5r"1PH8%29oj*Ac:IX"NrV@HUI<?Rnqps441lD-VB,R',R#8j5]tQE^El0]Xj)%?L)'9+J#$J[`NZUEm5Tmct$^ML%WF/IiCUgneP_jM'*3k1mjbPa\f:UGj
;djKaARo.T"KAPNV=8=^JTf+AdB%.n?leQ<_)HmZUMcsTqAs)eN^ran&_6+9F0!V3(i,3%#oU]A\Dh+X]'An[3*%Tn%rnNO>(o;Vm`1B)R_rX6bd1iM([XWPkAKmca6l7Kcld!oK5E;J
;djKaARo.T1;[)<fn<kEcWCmp(_*pGXs)C"r"Ej&ctQl/AA%X9"ra":^Y_o?!Y*E+dt&qOZ[rOtn`(Cc;PUlt.0LJ\(G=3H2HEtL9U/GUW6aKJ!:?$B#hQHR_0UX(RVT?[W)7DG^d>(?
;djKaARo.T?KbM7Qg*'tSVU0QIRAAhiF>OblrDD(c0Wn!(/1#5-J)6qlXT!f"gs&"?:WIk],WsB;]N-^";cSO^2YMZPcFVDI?h/6PYO:9gXA"GLZ^2?idFhY
;djKaARo.TAgFHp<TW<:+3/a6:$P3--A*fi!?&"M2i<2;A.nd_42`*YS/TJ/H/#34a2sA-:773WjGE@S[8\/3R1LAubK@J(8n0ZL9,@9g4W4.%#m7.V7kU*'cq_J@hB$t^aNp)JQNc&m
;djKaARo.TqVt")YC"+t",2^]Peis%<Re)<<#C:L/Wo6L0M`FlDb:#l8h_I.;5`3NfXGlj1DpR`,,h.;a)ZMA+Q$#(&?rjOZ$L\a)]%dL?9>YC?.lYRHsee_<7M/4g]+-e:B\-oc.u"m
;djKaARo.TWDcYHKW.VE=Faa7)id-PU!r,u,Q2PL3ouG$!/Q\PR?`VfntuXt)T/5]:[">bs,%!hS2fDus'TX4(:YuFN)Y]n,(Hi71SeH1Rg-3$qCtXp;*0RY\n@.W1uZ`W&,iQ2NXp/6
;djKaARo.T%Q>_[(tt-]79X,K_De.c=-Z>GIL*D!//UDu>IdJ_J[E\AoGKpR6QkMCC@e>SBVIF/P:/M;OQ:;Ve#-&7B/&O3>\gs80][Xih\7bGRY"SE!"mTX8TOGr%F'@bXkR15Nq,U@
;djKaARo.T2j"_RBP0_W&4VHP_#3?&RuiGF`%$)c"[1&NmeTJ4`$[!+4"ppp?sDntTn>pO\Eg*&igj;qAkWf+Sb6&k0cd<5a;/S%:*9<a?8>QYJO=?d)=SD[
;djKaARo.TT_csEjfq6A3P?Qlh(Vpd?/AH"OLI&39#O5NVojcs\dLYDUVsKUa?=Ye,>8X3-&R=IjI[(/CI"DCNrS<J3,1H;8V4&T3>nbSqN#f\Q)N(]j(tg?
;djKaARo.TBqEZN\9TJRBZpMk3SB)Q:&U;``tTY/7lbHJm`8s=(dTZMnoDg48C\$Q3lc!c;QPL,-DPmh`<$]qIITI'MSb*/fRM7/V!]l2Psrt30*`)gdk*,ti**:K-,^l)ga(<n?ba`9
;djKaARo.T>B]oZ2aI9jgTgbEh,Jb_C6c8bBJ;7O\gj/XRoMaB0RaU$1IDL<DX)PL@AFr&A18I5HHFtsjVQ?@%7ZbJr/sDY5=\(VlTJ`)*r0^X_XMAY.=`KPX`@VfX30%`6R/JX/2>`7
;djKaARo.TF4g<nhDJXnGYDF+85p#GUl11@[1aeN/19/*F0cV/m;C_ed?QJ7i@btAeYB?7N>XF-9\U`kQKq*'#Nl"s@CZYZ-!CK@<M!U?jYb3=dAEV6M(?[s
;djKaARo.T66hr^YF?)]..pht2%+cYkfi9,eZ,q9LGh$c&q&A0b1a<,4\X<G1qGhn.jqQj:aV*JTr[!_[O8&<Dq!JV20J3F+EVc!-!U3N&cP81Z@#,m]kkM]
;djKaARo.T#A8F(cg+5_3p[H$A1E!=(,ZeJ=1[Sqf#ob!=-91nr.7YB)f3FSlGul\cViW!OFoYbi71n8n?ULB8i=W!pT\(?6_CIQ>HO1(.?tT?OBr$Z(:JfZf!1PF&b:\Cet"mEYP"3H
