;djKaARo.T:$c>OUX;VB&lY+"<"r^t3OXtkM2:9>29;*`BWR[kpTqEl0o5aW0u#-^?mptR\A,/r6n#jG
;djKaARo.TFUl]p]icSXolfKeb7YqV=/4WqZ]<AIcUX?YW5C9KR(lQLNFF5bD:o/KK09O3b$^DSL,Dij7\3>+btp)sE<uM!r3TSc^?(<h95N]"JSLTC!q@gEcC'W0Eh11N&/hjB9E6'M
;djKaARo.T9`Yqd"47AP/9AN>_cEcX!MJtYf#coTAHRj$QALpa8-Qr]8jNjU%lCt6$Y>q076l8j0I*`h?:^-qdPe?tN6hs8$Rt-3]gjEfGif40_DQE-$39\Q[G2,<P<r/3Xd7-JSsHjt
;djKaARo.TJ8sf-Q9=]sn*056B6i0/qLOPDDU+(/+fe!UZqmq]G0r8AS1$Y:W;$$f^?)p4G<k`:LI1Wmh\,Kb!"XFQUnj]#iHVVSl)9Lr&8IK=-/,>7n%J[*S""KpLQHSnN0o8J5uA6^_hQ*pK'$Da:V[;n^^@NL
;djKaARo.T5O`Y8$b+ik19L<V<FBZP;^^0Z@W?*dhGZZCUMpWq"0.^cTK3/BTK'(+i$o<3?cB'@1KrS84o'lo-]2eb=L\jF5EfL%,86`"LPriKT%G7>S<bs06Q1P>b+?r6>!E0SCW@2@
;djKaARo.Tl7u"&pB-'N=Ll_b[NMFQP:"n;#LC>Q*7b-2J@a3162oN[TT[^%5%1<UW47C$g5LicQ[UP[IE(O@jaiJoe%]@$S^18(/[2JjP#0E<QL)&4Tk47BUEENhhl@m\UE/f`TH4NW
;djKaARo.TV:f,b()N4nOu]#d>u`@)TWs.<LfHb'R/R::&+U>Gl/rlF)R(>%OFE=<Mq/#2DFIs;2F/_:kU8]B5-FGA;m"]:>`bs@qOKsY$29BP:qJ.eW<8LMiE=/($17V&g!P<LR+<hZfOgi7!YmjUbJkI&RB;7G
;djKaARo.TmYQ&VpJ#`g?j5VZn:HU!Bmc44,`pd>-7l7Dp5=ir\\rPR/TO*q@HZ_if>Fc@N07hfGGX8OaU)G?,1+k^"PYWu'-2a\X,s)CQ]jpQk6jR&=ZVkWY2gS2SRoo9MV@eZGcG4A
;djKaARo.TN#LhuZ7_%?hb^#?;l^\tU"Qck-JH]S'$W_Cm+$58N8@Kuf-9s&r'Cm^7+.ZKB,$1kO6'1c_9j:6<Kj5@?"l2<p]nD_;Q]l?9):mQ9q[s\.q4.W
;djKaARo.Tb%O7R24h^Ijrt2.!im5*Sl9Zb+tQ/6a\<Oc/58e\D?&8NZ;$QjB41PljD@ea5m"Ge>(>64MfC:k;;ZjM%</i.m1&'Z^Fu>4#'KeC$O"fZXQe?g'QJKl$l>hrZ38B^;OVE!FG]m6,T<hjj7fOZD/<:81Wh"-B0FpaNa+0_-*"?so4cN4;SsmjWjZXfCX_&8
;djKaARo.TNBJFqT^u*7,biKXlctTIM,!2S9o7fGXZI-k&8,ZeB])h\cc[sr/R%t8VO7Y]n';,):?9Rf@44tfO6qV!4RukSiK'eEp)UlHp&_$oJ?-bar!E?/[%iq.DE/KpZ`4EVq25U1
;djKaARo.Tgd/KE>d7F+_$[YU3tPR[TN!f@M@S`sJg/8D,ac5qDiM69f*U=q/fsERF:l?64$EZ/>[<d8)QQ6EUW#Z>CH[BrDNc&@
;djKaARo.Tk4/"5FV!5eZ--!&>hnRGJhQUKpC1lVW&6=JPZeotIp&^c7HOtV\`bS57X,E7Wlo=Je9t)2A%On2dioF/]'O'j)6L/!gUZa!IQ5pE1uk5Q]9S?0reh#g]lLGi.(6^1X\dil`.o_6&jX!gE^DTjQXNne25]NqgNFD8B,nH_+,>d&
;djKaARo.T>"':,hQ,`XM_7baW'0EaF,Sh>"JhS=<2D],/re"#M7r&cr)m"PDVo,4)!'ht0jA-a)u#'LV@_.`-^Eao#Dh`=,UtVomrTkY#f009Qi_*)9THoh`0ShtE%t!57#R=E,6Mj<
;djKaARo.T!@[o\,SO\s7Gl:J(&ArEia\$",Gp8Ok\I>Y.Rqp>'<.:,59ZVF1!?4L]Q<GB3'%q](VS6&AFfH&.?ta7&.Ob@M=3^5
;djKaARo.TkQk<HGj&\2\0t3jR#S-Gpk0g+W?mOHlI=3e"&ENdQBm?U]XXiXP9m%GD(GfSrWK[tNq@,%iqu+bn9Gth/Nbi>mQ1a@
;djKaARo.T=6L[FQ0pngef$],r>WEu&uc"AFlBQ^on8R%/iP3"mhc+mB=gr,.6ZJbnHtiNUDd:e5uac\G-)47="D%P;$,cMh''_r(`W6nhjZ/QTeMCPoAD/*
;djKaARo.Tm;U*'+%7?Z&1u@PEkf!_:Ps_\d<&+T(@LZQ_=^7Z6@i_\?tiWCGS.5Gkrkg.Xr'MIhQ=QhCbd^kf+"7JHDWL'/i\6N`/;]M7>RH;#\r(QP\b3'
;djKaARo.T!BS?)94!Occ/RQBb@\H#<$2*I,Du0cVS6h6a#!N%2dkDf@q?R;8>S:NU]LXCC[I\S\V.?=$BJ>L#`9O1^:$1&Z^8^^AN!p*#mnsPV91a?'1\h"
;djKaARo.T@X.*Tr$6YDk!I((Z5m'p+TUtT(JAcZB^AK""2!-%$HZ#0[u`9e1e!,#KI;OVY2Wb,ag?W.R;&*i?--%Ob@=d;\8^X&Nm<!K7Rk2dkY2O[/eO1(&`!/Q2lFI@e\%3_m`Skh
;djKaARo.T$X+#;e`-5:qFh#d"I.AR;u"h@/fG!ARK`l-(,4>Kn8Z"[-_kX_8t#PcqqULOXACZ5)=[$I>PmB#*LK^oNRrD))^VG#70@*U!n>X-K5Cd]7FC0IF1Y?r&2!krYCc/+njpKr
;djKaARo.TiB]'E]4DqjVE"32P(;Ik>-Kr]V7?cU9iO*(H&M5[,S]N6.9d&Lk*0P19-t!u\@N@Fm2s!k!T^u?'li;PUjq<D\`TD-beM$MI1E>N5kiT<Zh!P6:Op`,$e)OMQ@+g1P18V`
;djKaARo.TFSJ=iUkp>ok9=<!k0gLoq>]rqMI`kadAnj7F3bEWXM/,$!UTb?TRkZD'C1AsinE;-B^BU+Akrg'0W07'(;GBWAqYu:\8=$@%Y1m7#/q3k+Onf4
;djKaARo.Tg4qXj_hlA(=n2TDC/!U=gYB9U1H<?14W2^`f))T59bQrJLb%S385oIm!.69-YC_:(U?,%$K.1Pn6$Zrt$Ph*cdUe`*
;djKaARo.TER!BDq_d^`IJfgHYGDeQ'7sR4kQOP)oESC&Oa#CUU>)Ja`sj_%1bA2:FDWT7.F>)VM_RU0WpC'$a]%*s$Y@UpYg6mleXMFlrcW(DRlE0+6T$pB
;djKaARo.T:X&XKg's+CUG<nbg=9rffA5WADsaf80a3h]Y^+Oq=bF.uMfaU>#5T/@pAX(*1&WnE+1G4fP?-<XN\-M@O*FUd0[UEX[KG`5j[i("aD=EMoK;E(
;djKaARo.Ti,c-deB.K7$6i:ZKjbm6.7&F[rU-B*;hmeNOhMRlZeLubIp0ETe>Q'#:e_F($bcE<S@q0kOf/EG5g801_g;_e@YBFVqD@0D#B>W`G$eLmG2O+&BmZmrOqXtcVkP5'qFjFS[;A@DeZ0Tck4Q!6U:3+5g\A,c`7ZI"Xi^b;=c*\<8'8$3\pIdd_"<!kZWV\%eZBmC7$e$NjXkGD&X:gtQADB3[n+oB;=k^N;f<Hl%AuB8hGe2@<M5uD5/1L2%8/>t)eEoPmg1fkr]?2SbIW+jf2h0Oj)8(M6eG_-#o:Cfrk1*(^T_G6@bWS<\7JX!(+neWJkLI<o3[8F961'V+HPFJV@`[pY#,PUM<UT-A(!.en#p>ZU"1m$bH="GCY8V[#LgA;LJ,`#]^ClOeEs,98b-YSlkosfL^`IK`e2@,#u]6DJK.h$"IQaFC[i;[qg]3<+UmF9hcCG)F$!65rf(.M0p0*%a$uA2V@A:u!0@Y@Q3*B4<Ybb^q+ML360a]U]l]4a6E8_8/,),5P<Q:MrU+?4Ub4l%=e5RKFAmjI)&;K5&>PAtPNI<$o6fp6B7/2MHP*_ZQ;mtOL_W5tbNY@NrrBgNJKnk.Z)e%h^&Q_,-&SaHj`fHWG@HkJB]K<r6njC2.a$.pnH7?;::ot-X)Bst+cFBQR\OC0&VGGJ/.In%$U2[_gA)<#5>D5R;GMqGaJWZ]$m^YOdZdMZ!G3?87i\NEO=r_ab.>'Z@6qfDlE-RQ"^.QP83$-ApW>GV`6'59O0*c,^@<].F`U=Xl:pb).fJA^!6e:klN[Q*:l'+CP);oo)NVjbTDgtIP!I?;1a8[Y0ta9*/EY;gq6RJdknIu.cO'-Ps0^RXaaM6)_c*5R7V]^h[k=(hA4nY)O&-TT2dGlOjb&:+e)"#>LPk[70[5=GC%LaqZ7:D1b$W.:,Dj^6
;djKaARo.T,('f^*utGNg0lsimqbRD<4LQt;:ga[c-_nEPY9]9-:<5hLo>soL8Y:Ic/UhIXkkS3*)q*&[5*o'p!"C"k>Y=<C_rV)J6OkGBlt9Ce00)4AlSrEBjj3s/CFTJs2NU.HT[0K
;djKaARo.TY_XUCbdRI@/J"f_FJK@T"A0FQZa?]5]-SLn&qGlJAM3@tIcRW$eT>.o'Q*5<rerIXJ`?gB>P]+(SK'u;n,?F72\7fWa)8@3p6Fkbd:>(#;n1rO
;djKaARo.T1p[o/`_9Z<rke@ug8eCe)QQ43CS>=5'dN5*h1pY2lnUeias)*AQ?pF[9P55V0W6rlP*(Xg@%7).b@otr"3bXfI&V9$<4`QAq`cAG`L`>W"fXnTd4OKs\?.6e3&'erEj]`-
;djKaARo.TIV\,5m`Mg1erYqLI,B+K`9feS0ns="I0if<ENTpD@T>UK:n]*IVG':&]U&7H);NGQ<6eLblZa0edqVa30lI8p!mUo&>QNR`k"D\Hat>58,<r%h%T'7A$?B?hd-E9.0lZoc
;djKaARo.TNfjpTHW.,kOa6K00Ws7ik,=c!iC#\j6q'*hmcJ^?dcP]AQ_6,L7B06+*;bjVEnYLVRK%7>BMM8>;-WIr[Plo*Z3:t6Di^Qfo+`Me$CLR-j;B-<c>'$97RPPK2,G2;R7N2G
;djKaARo.Tn=GER;i!19Sce+f6!+T&!I@IZ&RJ9eG!CPA7.V=?-k#lE/[-Seb>[1+%Afu,BF"jC>5mM<lofcp@;T@aiCuEPcp-)d+Q2'MBh>QZB_WSdhTT$o%1IDkc]/u!fMY+>O$;jh
;djKaARo.T\5"0+K^5^gUIs8[Q;f5ob2fW^Ir8F[i)UG&P(hOD43(SRe="-E3)l>RNSFZY*$3Q"(n:+&JJE:6b=pAp2b0!MT=:+5cd%[.--#ZVVtr",R61]Xcd"0*LVEhe/:+jaU,#+:
;djKaARo.TnA+M@_-!"a7T]#<g\+Cr<i6'&eK(EO/fWG*7f2f#,.@_6N!+esmP<M]![>bWgC8=(2)*!AJlJ_U%;sgU/:l<glhOTg76ae4oj;)#"aZ/$2)ANTIa<:3$?t?:%4cA%3nCR3
;djKaARo.TF(0;4.?0nq%3PZ@PDMfF"`!<[#@&0O<76/-nZe8`;U\XNe2,h5aUMmL,*rj4#X&fK,A0Z&
;djKaARo.TZF!kC\->%8h7]GD0VY[J:%hNe;;XLJC>-:=ZTmm<MjNkBi+S5!"lM$&gVe(Zhq@0nPJ^g.WnB1'OYO?aS<pe.R1\O@
;djKaARo.Td[o5a86;A7oL_)r`$/_'V!A0Ee:+%,,oXQqpOWpN+eu&s/Glqk2?X(OZ.S;8(l,UCd:aYbnM"Cqg,d*NABF,h$=tJW
;djKaARo.T:+?"j1!7p9iapE%_.c)9KhUi-"2D-s)6)DqD`($u20M%l=Qc,&Ck+3$5I\PHU-`VDV+Y,s``_OV!-Y;fYPdF&0/eO!
;djKaARo.T<&d<>_B5b)bfscV:q;TU2Bg@Al9@6Y)SLsX@RFp9(d4F;;?M>!pT&@3\p**>Eo[FcXbENI
;djKaARo.T+ksZ1gMjR\DEa-elpU'o$>MicMD;5+n^K8rm<mb!YYdtL_[Ac+^1DgSnWTTAjkYEZdbuDBemuYBit>S&(aa4"Tp<+Y
;djKaARo.TcC>1.`A^SACW?8^9rF5`$Wh<HX+>6uZF@!(qI=0I%r0=FVM<>\,[h9`Y!0K?]4DrbBCKVd(I*:.<Pp;CK%Mm_BB+'!T8-j;@DuRqA+GD$"8)EO;Z<1N_UH"P.Z)'gS+s2I
;djKaARo.T?WH2K37c!mDrmGu?$8<0:612:bI_0Sm&NH,Ph8ZX2j4[g#H"?;0INJ,#AA*h5eki<K1WI!JT*Wf+?m]!n_X4=-5[o>`7Q5NEWEJ`3lCI'Nh\>*LR%'s--<u(^Lm_+PU?su
;djKaARo.Tp=fD]NTHp.P__OWVo[)/'P470cL#o,59m:n0;Hl$/!og2E%+W`l*krtcLe29/trD?=8lj(=kZ)L4`rCrU3f*JJ+#nb
;djKaARo.T7_VQ(E@KFWLE)j6m6\@t;3',he1$BSP!#kAF'l[GfkXnThkXAH:63g9#:`%n59QkiE&,uSDt]"Wp2N:CkmiX0$_CHa,.BJq.%rlp'KMH!('rcG
;djKaARo.TGLPW;GX\[6%hiOPB#@X=(Jh*Q$L#7k]\jYm3IP;c*BB#;60U6-lR>r90K@5=!H`34jQ\"IK>M@hYOCaXZY9B9pW'Ok84@(pcp'PlQKaqE&YF3*ccT74DN#"@+k^T=i]r0'
;djKaARo.T7_!h&q&#P9ljtUMN1gNHA$.Rl57aFU2*S3Ag@\8LHU/6,qiPqKP6_mN0g^q4leO'/3l+cbNK?Fc3>6Ci:q%G'NAid>4K_mrg1reXG8sMPCTZ*h<4M>YFW/>AbJ7<*XE0B55Xo:Z@g9@Fi2N/]CIg]9\@>BX.AT'Y3>a?;ftVl6
;djKaARo.TcFdang<9'OPq_>]+SfP^#`an##0l`.+&2KfAWe8N"4YM,-`fo17tAp]V%3'MBW%cmjuU3!]mQ]E4;D8(o:(/2eZ\cjFM,r03qlM.#4#YC"R1((l:p!f165Ni+,+nT!eq;:rU[qS9i58]+<-eK`<ZA2?3%0D.q@bK-dfEc?f2g_$D':_!,J8r$%1*pFka^T(Sc\uT<U#",U'j&`c@pq
;djKaARo.T.(l"B/0Y^aB8g%ulWI?Plt*LbY)(HR16Il!r.c.B&&QRK%3FK]8Eq5jMO56qCTeIQ$8Oa,_%S@VCU@>cJ#HY?INd+/O)o)JFjU#j;FXkXkDMDg
;djKaARo.TnoV<I/`ULaT,8ie@geLBJi_HK/g^V1VpnW6TKp_-)*J(qm">a3bjIgh"C&SmHWD>;m(NR-6loL+Ee!H2B4&&>gL(![VTA--N#VVGh?Fo:77/'0SjF2BBT.W$\st>=i)#FOp!NqS'fX2F?)u`aFC`f!
;djKaARo.T>B2uC?*rh:OrbU;$1)J]VIqnpco`D'`b]+&4g(mj!c03[&X9`tmfeImap6clnj?/UpcdocPgm=?\LQ!)iq8^.o%7K*LI0mQchgq?Rk!-J^1V5d
;djKaARo.TO9k7g(['E($VkUJ?>I)mA$.dr>rB*t`NEsZ2Rp?SBIICcNCZS'[DmhN@(-PCIs*'r*@Zp@95CAs=S&,0YH,kW35>LT
;djKaARo.T,htd_@=.:mh$P2oa['SmrC&nS6_-hoSOM0ebg3QW-4`kCW9d;<P;l>dj<]iX[H1Y8BnNtPp^2$;Xj/*jE<,eJ,/p1-gRAi(Ar)?ReXg;RSiI@V3c9Vg[I7"Qr](am#2329
;djKaARo.TdAm_BMo/O!]g7.[j-"^_jTh@A$VA+l^s.5X<BZk+nB5A1#u):tJ.nE%P&^n@f7/3!&LcM(N!M;jFFE#-TsscU3bR#kdr_Tnbb1M*P>&9t"W26B
;djKaARo.TEbq_K^/floWaQ<4lps5i<m7D']*aQiNVqG6^i?Lb=JF5ogTKb_s"Rd>N,EEQ$5GVb+;ZctL)VFIHQU47UO$K<Bo8dSHgS-@TWa6Jm(CJ:89?%,
;djKaARo.T6Fa2"QB/lIK`<8MkdSq)-%l6IRd<K7)qeZdN+@hC1U%DOpgUBD?CZ04.8m<]^CG%G5bd!DbnnThZe!D]_E4MXW!^p'/8kF;HB*)(An=p++I:aH^?dfs[[Vh@D9)a^*;6hj
;djKaARo.TU,8lTl;M-#JQIn'"0SO`+Xl.JT2i@<=O?<kI<r_Zf+QDWklu$9(l+[$SED2d5KMU&>c^IT]VuZ'E_D(XXRC(+W\`*?++Nm;CLFQ8i/2U\oZ.3L
;djKaARo.TGtiA@M`3Zf$GZF#Cm!1E=bstW>-C`1Sa'6@@;-9B66l1up9JeFj9'l!HLRi7oI;Ja(olagOmh0\=fV`8(dm?*\8LqO[QV9NE8Ub5Zr.hX>L*nqiON?L3&HKl</a_V%i2FA
;djKaARo.TIlI!ceF?uSZ,UT\\0P3URXJ4&&[4/b>-e-)ji*$J`cuPZQ:6>jF\E#Q!6`eL1NM-u52A/rS"F`EjEpS)&d69$"9T"0\@5H(I\SjQ<raN73DaoMZ[#$BcE88q<Xh>&cfQWJ
;djKaARo.Ta#DrCKL8r55]B^?DJa;N;nm`1Itr:t\a>!/,WIuLh!'.ch0R0_3kl8s^%>q<n:mXm#6$]3%/j;`S#8Ck[@*C..SliC`2^*%<s`4cb_R=H>XL-5XYf#f`Oq&?D?7'[PF!C/
;djKaARo.TOQuU\rBd"(Oj2j@,V'h#3s08t0gLF5m1>.t[5Z=nk$o8R-^tn7/S8=fm5T?nQDI$Faqqp3PQ+?GP.\"DS2S6OnQR^S,pTbV4q-_aoj$eMF=B'N4p_c<.GoA2'q6VZRMW:W
;djKaARo.T3IR$T.Wh'.N0ijlRae98=8I63OX/B:2XYm\;T(Jr@QJY*0!,mXNGLddpMbs>o1SQrbnal'_#g2XOdOWl;Y2E6TYagtrSNHiBV6A(,HQH>=2oiVbSbk62^h&+r^7T@U=fpJ
;djKaARo.TI/4!"1G8NR\'F$])ULbqp70b^fBu9e9iaal\V`V=9Gl5,kF'$^P/Uh<B^gA9Sc\hb\AsW-;kt@'dO_gh\*#dNhgr0I-.#h:qCVGq;rFP>b9(5"
;djKaARo.T4K7CGmCHuc*k@,T,8iTTGaRdq/*RM!.)lZ;0<YGdb@dcte:S>;enK%&Y%N@qIHZ5F1k!Dr+N_gb+b:KlR=-dcd]RXAH+5=n,4g<$CBT(t7b5sg3.PS1rb@8#+SpU,P<F;c
;djKaARo.T!?jj+=`c%4Q!fOG3ssS`+sh$,#AI$jJ2SYQYEV+,;SMR8S0MY-1nEm>qqg[\SZ@FQ[//qmNghJ4eX-X$j@I;=bRGd)pV4.mWRf&6h1#)&2#CQ=]Drj0.l?sKGhpkKdOt;]
;djKaARo.T3R6(8$fcjGqTM4]K]VdmFKurUf2*DUIiZE5OR'GLhq:I#d28%Q_VE')r]Z(O$q`sSm(D1hT@3Fd*I@cZ$UeCG5QNZ:[ZL5CnWSiViNeu7:Lna^`W"o+6&A(jrkIc/ffb/a
;djKaARo.T6ho$;bUn)/%J^ZY&/^-9fAq4;&Ys.oeXE@"C;@(a:B@>j-m!3AJ;rgprH2B=9Epho1q+mrCdaT']\h'==Q!h'pS^O;s22_/H4]T,>ASF9>NoF^$BdD%6!%m\F/9D7H`6?0
;djKaARo.TEYd-^Z/rUFTtul,%:'<Is#jE-^q&aBGQ=;Lapn&Yq.(>1;9GDsc,?[-kHN`H7^oD7I2_qZI)>Wj*9iJ==moBg.7j%+THA>FLjJ!(C8,q4fjB(/
;djKaARo.TUV-\k7nt<#^k1(]MOY?BO63QO"*c=gfo6'l'sSq[)0g*&8*4kRIqjToG2_i%^B7/oee_Y/h3:Z279ZufnMVf18aBokANlC:hJ.Af!NU=mVYFNs
;djKaARo.T&mbPKNR9-aV+9#Yd,F,GEF>WtcM4G%a-+p+aCqa'^:MtZd?@IlbtsdS&TliYM5!+Y'SJN:4qJiHIX#*e>EM$L.f]@&T_5nCFb_>hpr:K)8"!tj'.L0S,CE)cn6gaW<Jt[J
;djKaARo.TR;/%$#8/[eC4,`7>'ZP=o(:qNfCtFWntuptD=@(^]KX\BDboKtF-O_d9Q,cT%7Vm:O9qBJf#_C-:kr3i.GfeCq%b<qJu.ZEO2J#LHUu-Ddlu.[BX$fBTph!gK6bn:$aMG.
;djKaARo.THEBYX5#6!d0]s_.jR[*U'chq#iJr,L9+$3o$*Kqq^h^G=*aagHE:=D3*5g^39gl[oL$3ZCearO$lej7#53Qa#XPtg0f*@QA`%0Hg1DR9a(*h\J
;djKaARo.T"8Y$S'pG9qIKTmq(q/i,3K(&,'G7j(BWokmZ[&5..L9A!L$??S@<ML=d1*((kon_%nT8A)k&iTqFd2QOVD0?Q*A\4Ci[TAl<a"$m',dKfZJn*R
;djKaARo.Tf<Ua-%qAb#D"Qe1-2EIZ^5`ag[REan@j2aB,GX?8+I:o6,II*9b4\H5==VVh8#b0fK<$si_>nO7)[],l'=qqg-FamqR*#d!Z&K$E@g?t"EJG$`52=q3!`)1RA(#!@YscdK
