;djKaARo.T,[R[N/e7k&iTX/O:BY99\:nX4BPUcc%K<JD,p@5Hb;%_-buu@oa#ie7E[tmdjuW'LS/I"Q
;djKaARo.T8c$bBVOS0i<b!*fpYj9=Mi+&C@79k=)XDYee\`s<./#2A%O,J#>>0Q`\fVgB@D$A`ORB,8?=QL'N[+`V/B-j6Sg(F_BuGG'=IaEL\a#EiOYj-&A/#u0S]";pX%=lW:c9H\
;djKaARo.T!XGL`<Zi5B,Z",thsY`k">Hoh8^P7s4$qC0dH)!N?;65r)Z<fg'M>/EkV;4SDO(e=QL3ne14@"1Yj:1N%'nCK8n]1T&f'KSU\o*HPa@#Fni37$`i/,)K\0)/q'^FPX)W#T
;djKaARo.T8rX2.CJ2&,LtcHR':cNA'8ZMPgP&9V<3A.]X/QA<]).-JSj^bLG@*s`a@iHbTjajk'A,%73Xoi#*9+\X[,*e6O8It:fd,2>HjA<<e-4@JoR-@@T"Md^*$U"dL;mtN",:%()Y$KboG8UN(fn^#PWP.#
;djKaARo.T?$n@gHV2XdH4tn2Wu`m8cII"i7FB,#lME\.TL^'#XG<7m-ii"*fq9j(X%UD)9>P\c,YqXX,IQ0GcH7]MrI]HfLaCQ58gXOs;FM2dh2AXJDsY=$>sC%/BfdKEcaQEZd@GkM
;djKaARo.TCa!]miY*'m+=ONWRt]G<4>*Rh/<;%Tn0eRHFW:%7`:@5dffQE7m^o8gZs/(?%b^l7=MhDSY>o2.:(\_KFQ.)UK.np07^Uo>IB0sG['51S[j><YG9ppUhQY<N.c82/<_G@Q
;djKaARo.T_%2\[Co%j]8fr"(QT?#rIL"K46f$&mrddI3X@\UVQf2pY'f.Vj/`B/KrGPWD<O)ksIsQh%=:;Gn7aj3EN`&8?m5TI7IP&Z+>q:<<idEBO,=D,_f<c.%C3!&7=Nt4EI)h9_cnGS*1a48'1P(kOC;>oa
;djKaARo.TNeCHFZ[?KHDgU*>UJhI$njKB\L;aX>X1tQp5b'r(]MMD]34THJk[mbcoFLGR0N5qgO['eY[ughMYe%#"!/W-M-,ND<&a<PM=d*%e"o'Od??;?(83n.Pr!DX]Ve)XG&u_7g
;djKaARo.Tf_LCa$<H0DpB.u3U8QR;A9jAbmLbVR_mu!m>H,jhq!pl"NH$UeE95LQ)'(1]>f\6^PXGRkXmaqAXhZ?=:-B*mel0&2%!FDe'd4\0NI_J.BZ#<A
;djKaARo.TDhj9f`UCYe$UOd:Ige%VIlkk4TQJn"BKYt!M93pKa(A\)`.`.pmruQ%e*_33PuH^f\BmT`ILf'2lW2Cl`G[[FoL'-WcBJfQI\=9:j#P:I=-DXPR=hZ*3&KlU^tB3[7)Gr"XV$5h?MRp."C5'lrTZ0gaB-edOde3JYW!RQJn\jo6+/aDpm/tL3_5l8"^T1&
;djKaARo.T.BWK!#5o.V5Ce,>c]TTQ+Lur@]RDF-P82_jmu_EP8)X_Ld'oiR%e[0eRMuPgJ8_)W)%E!8pMqrkCLp?\kp?;9,h0qS+QGrJQ5drY;uJI-0*7E&9kJVojb7<AprP0`orgj3
;djKaARo.TRTcW'S%PX[)<d[FTr-QDHV8pH@&KTlkOb7PagN%GRW(kf+8=:%3Epi??5r(1K4@3Eap9Oj^HkAi3r^X?e#Ps?#a>]5
;djKaARo.T[OJktA69jhWW:AGWAfWV1)`I@>tFq'Zq!H!:=pckJ!t,nRpXC7`HNcK(2hXAm_%"uP']15]u#G^+J&5h%_fr[79oJs?2mM8rJ2*W:C3o0BS#uk)`?7s77X"Ue>*!AG7"Q<q7c+JA2ZW#r,elRb2ZA>)AuX;Q,lnn?9HdgE"Y+R
;djKaARo.T)T,Q%C"^gteQH^t:S[P11S!TObF.g@]bXZ6HQ1mo+pIREm6'k\A1>N80Nq[%m+4J0I,WS(N0baldmcb['uqG6AjIBK+3c.4iP$C`PoE]GiO?h:6b"u9XCe2&7*(`_:;DM/
;djKaARo.Tq4#%A#!/"fVCFWm1#LPs_Z]'KiUBBT8(l%qnI:h.RCR$"0M5nU]gs6gD]`$q&]:P1fTcKl?%ti&P7hQY">d%[H%)+F
;djKaARo.T%6_+0=cn7X-48X%p`445f<FttAMRTk%-B>9DO8+L+R9M`i>+B-c+*[7SA9sY[O7eQQ6m\r,4_uNVOr0&>&f]'ZVZ))
;djKaARo.T:.Jk>,$Waeo_(uMI*Y_?ApPC]&W8D"\*oKW_B!lW-DI[$oBQrXL:GjOZ!&IE+&n(E@a^5S7[#mVqQC?B55s"f:8(c]hrY'jgDl"t!p[qBj8jHL
;djKaARo.Tcl#5VO8tMOW/[XMRed>WmLnH7MiL;Y:h:okqZA[kP.I^l)5:D0Zb[-^=;'uV+qY`*nTA)6n[QV*(7<7^+OuM03\a:2_pnGbq:#X#\hrUC6IkR^
;djKaARo.T:ubhVPZk8fbE,t'G%"J-lg(!F^^.Q9Zu)G2R($#qfX7"jXX1JZKp%q,V+*HM1&+Rs+^u4eLcB0D/$`@81D4$nDB_DW53E7;_g*8']X+$Bp]'0k
;djKaARo.TIl5=QmE./"FVW9fX=\e+4t"h?S%`CDg=.si6WQ:OkFMJL>](pLj\0-@N!`E"o0hqN-I1$sZ>\\MlZANE`4:K"?_0&YG"3Y(h--R9pE8K&mS7$a6a_J3j`t?V3"?WiU;]<o
;djKaARo.T[nmkNg5cj=mPF=d-$YU#0m(L=c:H[($t7s_`>Hk%JG[.u8X,5_I7X^@E]Vob._lC<Q>drKY(!a;%KQfOP]tij?p$ANcP8>rL;OO'op`R]ZacZ98_6n@Q:`WXAuCac_?iW]
;djKaARo.T*Oh\*"6Bs-IGBg886r<<O*]6!IM-FtLRW;mn4DJ>1\aaYXs(*MkdXRoM=2>S?"BBq:^fo?gMcrMQ*!+W>jVNiV_13%"4W0>fgbjZTpKEa4XA#T03$jQ;Wi"5p[Wm&a=F@(
;djKaARo.Ti/Z8@'SdRK&bRD<%9.3O<RiitKh-g_O+]_1Y%OiE+VLpqj]D%)h!B5mN/cba=`d^IPJ'OTA'QC_hAl1;&EDZ1"O_p3:(WiQ!pVn((\&<3%JbRX
;djKaARo.TEZD0-/]F/sWfHREnRh\s#O0nA>7ZVpPtDL>qd<Vt?S"@CMg7\GT!\!i%JL>n[T+@T58(`9ElkK@pa:DE:*ZAo19@M+
;djKaARo.TZ0(kGD31RL28\thD8X\^hZY)r0Dk_M[?FcmDDs"n0noKNr!Bqm8P"*Y;B/]G>oL\M]?O33Ul6iYrmp(7e\Y],6`coL@m'nJXF@VI6QfRAdTJIG
;djKaARo.Tnu0/C&U43dcYHSOhYT'GqmXu0!(2A+Qh#6k:)FZ6Pdcq]mb-\0hq;Tk"NEnM\b\;uSJSmYZ%n*c/fd,9R+N0phL@9MKZV2OAM>U.qNHo'%Su]J
;djKaARo.TQ</`dB/VBh&RoQM_m$)?ND"@77_oD6L&-i?SU#\e>kVWtQ.pdANjK,GH@+G"O3h.jq(+70S[,LU406GVJQ)^A%DOKJ-<OD5HMg?8Cb]9HDt5\LB?*0pWBe40d\fYU%*h+q"b@?E7BqLK+2`$/%o@OGp<N*VbFDG`/d5*Z`r_F?bL`/me>Bif;L2&NJTeY_N7>tnlV3Y=.CTO];^bF&j2JR2k"5Rq1s0N'F3ldCRe-^`NcnH\4!Nf`,i.KI)QJ(t=8T5Pk38B]ZA`Dih\SB9?$^gE!Yp?&gjo`_\Cs;deiE\&0t&,nJFbrL"X&B=ON3W/(bu;_Aq9>rOSX!DCQe$;2?CUq<]=WXaci[X4SkZ5$=FZRop"IC1Y_`R.r0HE/>IE48Nd<GHG<aT+1k`fEUn@Sp1PqHFS]`g14qLDfDsrK>B#2G:X1Y"SEJTHjWuq)NCe]aJnLKO/epo!6Xs.Z`qW3%:O7Qlo^/>WcFu"7RASYQ!DIg=ql<A(dqllf$k+=0`VLd&JE$A.-&1kB.C\me@X'1S[ouOs/"YA</\J.f=gmaBABi7b07(`()jkbs9\bHtRtVc'=0VDZe[/^,%erO%ZfirMAd06BPAV@'q`Jf0j'G_4n\7=@FDP[lJ'b8B<h[ml+ood/5*!K]!HBM?%ftW<UIJ)4%$YL=,s0:7^q\)<Yb9lW7%*c=q3G-SpU'C/!8>Z'-c)TdUT5n_"+ZDOZsrE5,(:JI9F)VsOP]+)>k;,"[LSnHSq#T_9;KOFAhJ6WD&(L4iS;auacgueX+mQ.MGR)[;90JtiM`fI#jogtN;c\O=<V^F$fmW2dm<Af?n<IXRV=:6?f\GDE,KM:'RN_`Jm;p'TeSCu6hq8CDHO3!Fq8&R4'=j8=r^BI)99@1cXBt]_N/P)O>#?<+Ac^j\r@)ZNXXqS]qaGtP^rd$
;djKaARo.TSVe3)4MffNKj>em%BSFQ6`$@=J4(f*TVCsliGWV3Bmf?`cVUdm6??@H&>ku(?M,K\ab'#+j_Yg\>7r$,o2e!=fT\YX/TWjDnX06GE'f]XqkPW3:,Hi5Y[X6C;6f1r+:6VM
;djKaARo.TC,;,Y"tDn*-j0Z)6pdMCdDnjh+W3s+,3kg,ar"ZR&h\mTf8YPJ="CaD7:ttufi.q=f4-Nt>n,riLLJb#L`n4%g,&>>M40^CCF6,d#nCuG1F+.p
;djKaARo.TobS3=>B*Ga0mijlRY@B0'`SgJ06#@sM#ddNO"%g?FEBmiXpeRXkS5Bmo<GCJ%qs*[<82An/`;9G#/!3r@l$>?;[le+^;]5gdqDebcG>2!"1/T,[sHS`N+>X<rR<Tf_hi4J
;djKaARo.TLN&P0W/@hfT+@WZ>RB[mn9J)f2+Dj=[$d?IjQobJR8O7"%DLXI@!8D?Cb?9tc;&$!8!,(Q5(VNLb[rB?EX>)U:Z9HTU,@$U8,F271l+kurWl-I7X_U3=,@l"Z%C6NZV:r_
;djKaARo.T*+23ZiU$CubUnEtnBL/F0H<ZQr=(BgXEJ+[7KCm2hT-]/q.+1$C\d&B22*;LX&O*:2sg&A<YE;;['MW@LYf5Y$1I-%%)Te'ri@_eDIF-\"4?,CpJ&^\M".uQb"[e%&;Kq;
;djKaARo.Tm*cTYlAmF0ji=H[VXogUY;YDf)mf3;,s/R#!3>p?.'^[/-n]+NeDc+p*iC[P=$X3u;&]tJMNiYX#72dlfrN3sMH3Z&9%`na+%%FLHG$I3-IRR_[21<'@%3F00HT#$UU&7T
;djKaARo.T5%qjpd+rra!JN0?&N\&4q2</_>DBOZ86cImkUa7"Gm10?;laI1<m&B&5qf&GA9pSjhe:lYAsaIPWlCF8?Z^SGCVRmDF!KZ[AY.72jrt`=fo=B+V/C_,CRR]O57`#;oH1sV
;djKaARo.TJ5qpS")/<%:ecWG1^Z*UGG1j#@%?MSD2rF(hNJ^hj-2LN_)'0X-b-Kr/oG;FAqfs02.g<=!Bkfi7pDAQ+k6VDl*HB<]9^Ks!uj='a@7V=l_is.G7>JY$-;L:(`c%`r1:J5
;djKaARo.TLr]s/:`M2eDLc<.hZYi.*Pnd#g2a\Z>om2WfnCUhAF$X8JcMAc9h9]`Kh?B)\Q>Zu.O,![
;djKaARo.Ti/Aa:DS#*b2e7u2X6Z;7Qc7;e0?l\p[`<WW=fLH6nh`q`FW+sGpqWk3HKskGn>AeS,Y!8hFUZ.X!Ng^;["&+c*7E%u
;djKaARo.T*q9ZJ*LcCb!Q`/Jr6@e1Y36U^<b%F$(`9I3g+e9p"S.[!)8$5I,C`q#SDc%`!1RmQG2>+?BbJ-b$L@e;+`S2SW[fgG
;djKaARo.TE?45m@/X3C#6n,X%!IUp6"%]M#-U0q"r7au8/#EcBFV.\hA6#&r7Zik\%6gsp^G(!DEs6b7EZ;[k)5@;<mg)fQSO"6
;djKaARo.T:Iis2-0m3Jr>[nd=dGV+ME7`%7:%IDdToN1!e+a<pX_ks#*gK%q^)bR^M_(eX=?u0#.9rm
;djKaARo.T).G:;L3WECj#MEI?PAMd`PDD94eu]P*(%)eKEWY\[earW!=;MSCEjDe0WrUOP2ragiB6&BmIWt436f7rILeX`oZc5&
;djKaARo.TXdbdurVr_8Ea$R%_tQI\pVVAG*V$8"FrPM:QAm`5DAhN7&XO;f?t^cf!^R&Jg7&ZRli,!WZPL.GpdHWt`B7/XJrU]TS\FohYUEo*7K4&K<5E,@bo@f&:&!c;e-\$3+XZIP
;djKaARo.T#;f,C`C#'5,+C=(D/qA@Jn;4:IB4gH"<fhjaf$SL?o"ntci90)IER58BZ>HQjZ+rtPqOYSI_dKmaL6F+W@8k6=I[#(&?)T:X3Y`@87us<!#uup%OC*CC4'PU+,4;eMS@1*
;djKaARo.TG,`WFb.p.Qn]'B$Lp.p/I!<V)+Egm"0:&aDdYA]q\pkC\&EO_9]:24q^P^>p%mmjWhrk"CkE8Mhckqg=o5(H@X1D7L
;djKaARo.TaS$JdQtg#FYJbtf/NYYZ9@d<u8@sk:jD[4rVd?)]61c0KHK0X<O!TSuI,CQ`%4t2ZCAjHHjIB=U*UM>KgW>ce]P=P2`GR@PfL'0n3K;I?M=W$/
;djKaARo.T+ilZ/&`AppQ8X7jGUL_r-$4oF&:m[S0F0?,?L.oRcEmk=d\NXs.sa7em!QFXB.`0jDM4Eo*FUCE8g.\O@\$$nq/G2_cQ[;C1Hp<_+<l=S7<WZ8TJB,rYqB2;1nlWSm9uCM
;djKaARo.TCH'B5Npaj5F(C`(V[^ST6Vl$$Ts5WNQa'*;,b$otdb:qmII%XEk%Yj'"c]sn$>A/Y*No5+-bR>%JD4?8C)n[qcA+ieHhJ2`"LUGf#7:&>%9q"SOt=aqU,\T]2P$fBls6;[=H)]E#],P3JJO7A*ka@8krHsW[ZH5\)hFWPhKl:*
;djKaARo.TV@E`LRlh(o1^&"LO6H9!`UV"GTOD-n&6:!N"O,N1(r.^l.p^1RKQtIt"RB!R8>U5:%<0V)4[Z3l<mB]'nof8->5g6%Q(1I:ghtBXZgS\i6M4?m;XXr4/8amVlUtBe#kE>"s1h<fqQ1ERDGlk-[1+OBWLAj_Lp9koXgkK*A)40g\FrGrX/g\6c?LV@q^:j'c\)Y3)mu;N"md9/g+=R.
;djKaARo.TXm^2HE\od'#!!JdZ[hH<HbE0ED"cEno68eLi#c;)3nsP1,5<)-E(nVEBN8\tLQ[WEp9HOJ]$*Sd!J:,PZuH(tYm\/NpUkjA_!R<?:UB=lcG:#$
;djKaARo.TG0Ms[)$)%>(>uV]98PT.3C/^9YCBfiX1TO-@"mWm'GfN$O;n5Zc?!RZ9qWG;>M>m:AQoKYh.>/5-ki@W>#'34E+V^RL$Fq@ZQb_a7"^Wo)sFE:SoN/jd0k<bO^__P)Q?1fP@=OEDiCrt!seUh\5!CG
;djKaARo.T7=TKQc7<?H=\5V+D7]>i$Q`g91AAmr3t;.XZ.&-N;$\o.m`ul*_6PORJrT"HIE\-DcR.UdI1"!Am1'.RD6&&;5J5Jf<%$maTT\%UTr#,$^/fWm
;djKaARo.T`O&p-ea3PQU82$W#.HutYbm&.F&]HGNp)99TE^,,#%WdL.<6FSdhr,_&Bsc7H*Vu6SN$BC^F9j21@GeaQ>(d1*:?th
;djKaARo.T]4VutCJq75T:$T>]%Jl\+!8E5,loie(2*^gFp4\?8eWWu_VT`aI4-T_-4W!8('#^Y5!cC+;s.6/:IXii"(V;pmEP3p#nfriF]PFOh8Z)CiTc>qiq$o]aPp%*g!@ZI-teLR
;djKaARo.TJY*P#dH!cq\ugqe@b4D)&J%d,r&V:AiN^MWid-"2'VTN09//\_*7Jb[#e`:&.%?.R;1spLloQq%)upF7)[t-!RLu0^(eDB[=R&s0qZR:HKjUbG
;djKaARo.TY<PW#8AK7]`[?Bi4Y'5#2@_ifpY1^=Hb[3&PXR[d4'mhZh"2I!LSIiRqFr^k59?=k`U+G#e8U_a_VSKi$F".s+;F2:9g9([k'km'$@&^:/82:T
;djKaARo.Tr<pZTh;MS%4+>@!Lk<,%UQ$Z:B"m"kP/%t&9AiU=*DoD@;V6=mMNr_5MC.oZ=p&C$X+&e=Y.4A2lk:htUS\7;9F1%bcaOf`SA'(*r0/fdhO-^V(,!l@npfgH5B%fQ?%cpC
;djKaARo.TSs!!&SFERRWf_$>FJlJ5[tAu_'gtac]!NA0YThSd9W\;1*gX2X'rE33.jqO&0gNl8LM*QC_LO-40'&9;[ZE.3pXR=2]mkBX[@N9):>2Ebs0lpG
;djKaARo.T<!Y7!Cs4EtrVgqOZ^D\\KhmY;+FS:F$87Rhddm*!ZEAgQSuMCjB*$)T>cDV(6A%6N'rWD))ECZs:k$L"doZuk%M93qE;PZM!@0?#o/D)*S[P6p<rSle+3:WOR#SGl,H80L
;djKaARo.TqdJ<e".,=!jZoL5VO^Bs3mkYAVZF4ZRF(YgHD9A$&_dQ;^YZ?qSM#nC!H2K1%_DGc7\frhdud%bN9Q3:aJ,qW+=4N2nt:3]/bWuMRt4:$/qq)B9P-9I,3=Un.;e)@VZ!<=
;djKaARo.TCTk#-,RRp76`caSPT5s'U\<BT.WFeaD]`<Z@V#;GS\)1H0o%b;l"$`1kEWbLM<?Ol:_Uq0r/;RIXe2(2hdW,+Wr[JJUI',A!gb-Y*8bs#\']hsSFI78>dMk+Lcd4hQ"!S(
;djKaARo.TY-.q"fm2WRTW3&&$dU4m?iC?We#EE48?D?M`4/LL7<Chq'=X/Ve1;B\lrmIS"^t"NK,K-al3O3ZpA1Q%*KMqsFS\BqoiOC72o6%-iLu3,g)YbGi=\fXaY#SZD9&!Vp$J7W
;djKaARo.T=Z756>s$7@7?$@aZ%pjg+DBBL.$5X8\C"mV1T92ffiJHrU7n^0?E3L_S],<q)[#+TF##(M"\n8N5p1liFZ/[&$M59`Qq:\8HQ"`1V?s.`=_K4VRrJoN*X53Rb?2i`Zf3!5
;djKaARo.TC(@Zr?[84!9:73D/;/b/&`0MEmkg/uk%!Pkfq9mPdtrqr=kt^[U'RVd%-&cNfOmuY)CHO484fNi<P`"45Bn']j'pC2Y9?.-CMFD8@Fii;&<Gk,
;djKaARo.TF8U28fcql%mJRj&0VMki-?,1+-r9o4riXl0>M^dict@6[;4)Ro6OoY>hpG[72?>!5Smi0b)6hdC`^tY)$HS=$jA@ge%`X\MNU`$I))&c%,'gFXU^/eI>pE+[n*F^^_aOt#
;djKaARo.TRBXgrrL#'#U-N=-4Li*KN4*kRflg/5E^-+S7njVd@:*hIm#)fh(hQ(4)[R1b+PIq!,)RTj\!J/-N&O(o0ESM5f>fq[Xj8i8P^h&!$/"X$n`=\JI%Vh$RToF[G"jEp.M&OJ
;djKaARo.Tbf]q$mpg+1?^f'CD!%`+4Q`QAT[$PqcY<5WA-2915pmZVS>9r!;a2Bc?/bDrRV9/jrItQFR]q+BRTDhS<LG/PXjgA>jhYU5Gd"78"'eh$hm0WRl>4>]8KX*ApoAh02*0!E
;djKaARo.TG!O3;#]#WfjT.4BKPkguh!P/KgbOa(%?=teQ!K&-,o7dc.`hb?Man\J4@Bu2IYCH;HY18pKC?Z-45FD9RLm%(j(eg+N^S=.M6K+."">YlpCSLb*(KL]::&&dMcp;B?j"Hr
;djKaARo.T:.7$ehb-B:?rs]_3]]RVBs@QF)*n1&s(i0fSuV8'k:S54fH0$g&aMjY8/j\lcSl]PV"nRc-1j.O1=Z?%kM"8OrU?V3eFRS3di+"#r67X-/8^K-
;djKaARo.T/@#_\D*2E$m9D#P5Z':Z:8kel(Is[j,[=;[T_RWurrRVSC8R&"'['8TRHNA<8,9O?ncT#2EA;2LI*$MnrQrM;^'F[pqYlV24)R)36e2;o<0S5>
;djKaARo.T53Ka%EFp2Ff"$UHIj5m:Ju;_YjFHTO?5%`t#kC[o/cbXE&Os"DHuS4U:>?53k4\HUi+E^DTV<V!WEKAL0KLP3#d838[4ps5MIXXTYnIS.$f"sXV(sSYKm\NO;Q1ZUZNM)K
;djKaARo.T&'RO$RpRf"AF'=C`'-:r."I,Il(<*,N"DN!6JoBrMKN1eZm+\^jW7]SI,_S<8L+Fm/;IK#"as_j^DTX3N6WZZE"nj%+:+Q1HK5+-QS>6/S-";KeX:rgHF*rMo9Va(qX?-n
;djKaARo.TKl4DC[GJ[4*pmqTi7'Wp:FJ:FH9=@M9o1(Q!pFA5U,!l6P4T?"HNIq(fk"%nI,)OJf2"X%+a4<1LOoEW_/SW]<F:PsK4-^F+&0h!.^/dsm>SOJ
;djKaARo.Tj1\.>Q:[M>$aZej$q#jT_hs#BLWB#<8Cb38jBB_3T8).$p,diTb(7_oSuCk"B^$^V3^$IS#=?#+EFSW&Cq<e[FiW'(%tSNnZVYu&l^S&>`P(_+
;djKaARo.T-YPpg+K[20B5Co7Khe(si!btjYe#+_4IaYc!]E(*NT]a*$ac?BG!<W7\k.h<"0TI\r7&$PCf'7F$[dA'@@Ep2;?1UM2k/f?`eUSD\;%_$9h(g,m:F.AiqR9WiN\X-EN7Tn
